,id,title,num_comments,score,timestamp,url,subreddit
0,ua3d9g,"@Mykhailova_A First picture was taken in 2014,we‚Äôre driving to Debaltsevo. I‚Äôm 19. Second photo is from 2022,we‚Äôre driving in the same area,but to the different destination.I‚Äôm 27. 8 years of war. We‚Äôre at the same place. Doing the same thing. Destroying occupiers as good as we can.",310,10759,2022-04-23 11:28:21,https://www.reddit.com/gallery/ua3d9g,UkrainianConflict
1,uaavym,"In Kharkiv, Ukrainian SBU officers detained a Russian agent, she determined locations of military infrastructure, Ukrainian military locations, also gave locations of schools, hospitals, stores/markets to Russian forces. During the search - a laptop, phones, computer and Russian rubles were found.",511,3926,2022-04-23 17:51:38,https://www.reddit.com/r/SlavaUkrayini/comments/ua3gcg/in_kharkiv_sbu_officers_detained_an_agent_of/?utm_source=share&utm_medium=ios_app&utm_name=iossmf,UkrainianConflict
2,uadlll,"In Russia a customer left a bad review for online shop after he ordered a T-shirt with the ""Z"" symbol, but it arrived with the word ""Moron"" written on the package by an employee",62,2520,2022-04-23 20:03:45,https://www.reddit.com/gallery/uadlll,UkrainianConflict
3,ua7dyl,Ukrainian GUR confirms 2 Russian generals dead and one heavily wounded in yesterday's attack near Kherson,244,2117,2022-04-23 15:04:52,https://t.me/DIUkraine/396,UkrainianConflict
4,uahbew,Polish Prime Minister met with his Ukrainian counterpart today. They signed a deal that will help Ukraine send its exports through Polish ports since Russia‚Äôs blockade has cut them off from the Black Sea. Grain will head for Africa & the Middle East through Poland,99,2307,2022-04-23 23:13:37,https://twitter.com/visegrad24/status/1517998176237727746,UkrainianConflict
5,ua97rv,BREAKING ‚Äî Turkey has closed its airspace to Russian civilian and military aircraft that transports soldiers to Syria after notifying Moscow: Turkish Foreign Minister via TRT,106,1986,2022-04-23 16:31:03,https://twitter.com/ragipsoylu/status/1517900793327857667,UkrainianConflict
6,uagkrb,"Customs duties: Russia paid them in rubles but Kazakhstan rejected the payment and now Kazakh tycoons and citizens are asking Tokayev to hold a referendum on leaving the EaEu and CSTO, Kazakh politicians are also asking Tokayev to prepare the ground for a gradual withdrawal from the two alliances",147,1950,2022-04-23 22:34:57,"https://www.repubblica.it/esteri/2022/04/22/news/russia_rivolta_paesi_satelliti_exurss-346503686/#:~:text=MOSCA%20%2D%20L'offensiva%20in%20Ucraina,grande%20influenza%20politica%20ed%20economica.",UkrainianConflict
7,ua5kup,A subsidiary of the German defense concern Rheinmetall appealed to the federal government in Berlin for permission to supply Kyiv with 100 Marder infantry fighting vehicles.,139,1590,2022-04-23 13:34:56,https://www.eurointegration.com.ua/news/2022/04/23/7138289/,UkrainianConflict
8,uaiaxs,"Picture of Valeria and her three months old baby Kira, killed on the 23rd of April in the Russian missile attack against Odesa. Pictures were taken and posted by Valeria‚Äôs husband. This is what Russia wants for Eastern Europe.",83,1388,2022-04-24 00:07:44,https://twitter.com/myroslavapetsa/status/1517990210017050627,UkrainianConflict
9,uac73h,Scholz‚Äôs lies and manipulations to avoid sending weapons to Ukraine (w/ sources),288,1251,2022-04-23 18:54:48,https://medium.com/@marksavchuk/scholzs-lies-and-manipulations-to-avoid-sending-weapons-to-ukraine-8dcef509aa21,UkrainianConflict
10,uabtsf,Russia‚Äôs Military Is Getting Defeated by Ukrainian Mud,108,1177,2022-04-23 18:36:29,https://futurism.com/the-byte/russia-ukraine-mud,UkrainianConflict
11,ua0i18,"A video from 1997 showing the autoload capabilities of the German PZH2000 155mm howitzer. Netherlands üá≥üá± will supply this beast to Ukraine üá∫üá¶. I did not think NL would be sending their best artillery, but here we are. Thanks Mark!",197,974,2022-04-23 08:05:40,https://youtu.be/Tc9sb71px5I,UkrainianConflict
12,ua6xqd,"""The only aim of Russian missile strikes on Odesa is terror. Russia must be designated a state sponsor of terrorism and treated accordingly"", says Ukrainian government",21,969,2022-04-23 14:43:11,https://twitter.com/DmytroKuleba/status/1517850557926580224,UkrainianConflict
13,uadfwq,"Russian soldier: ""We're tired here. There's a sniper next to us who is removing everyone. Today he got 4 people""",162,968,2022-04-23 19:56:13,https://www.youtube.com/watch?v=SeI2bciDJ5g,UkrainianConflict
14,uae5p6,Estonia (population 1.3 million) is the world‚Äôs 2nd largest provider of military aid to Ukraine - but that doesn‚Äôt include the huge support from individuals & companies here too. Here‚Äôs yet another privately funded convoy leaving from Tallinn,36,945,2022-04-23 20:31:55,https://twitter.com/adamrangpr/status/1517956648580653057,UkrainianConflict
15,uagaci,"Ukrainian Army forces of the Azov Battalion/Regiment still holding and resisting against the Russian Army, in the Illich Steel and Iron Works factory complex in besieged and destroyed Mariupol. They are equipped with British NLAWs and mainly Kalashnikov assault rifles, recent photos, April 2022.",198,959,2022-04-23 22:19:48,https://twitter.com/ukrpravda_news/status/1517763270094041089?s=21&t=n28RuyL9vF2liMrwPideNg,UkrainianConflict
16,uacmpf,The new ‚ÄúDefense of the Homeland-law‚Äù came into force in Poland today. It will increase the Polish Army from 150 000 to 300 000 over the next years & introduce more modern equipment. It will also increase military spending from slightly over 2% of GDP to 3% by 2023.,63,897,2022-04-23 19:16:01,https://twitter.com/visegrad24/status/1517904162775879683,UkrainianConflict
17,ua5g1e,The Polish PM has just revealed that Poland has sent Ukraine 7 bilion z≈Çoty (1.6 billion euros) worth of weapons.,47,794,2022-04-23 13:27:50,https://twitter.com/visegrad24/status/1517855575060664323,UkrainianConflict
18,ua9j3p,"Tver region in Russia bought 100 000 ""patriotic"" stickers for 3.8 million rubles and hung them around the city. A month later, looks like corruption took place in this ‚Äústate procurement‚Äù - the stickers turned out to be of such poor quality that they lost their colour and turned into Ukraine flags.",43,736,2022-04-23 16:46:02,https://t.me/dvachannel/90334,UkrainianConflict
19,ua8yr0,Ukraine says two more Russian generals killed,45,665,2022-04-23 16:19:11,https://www.bbc.com/news/live/world-europe-61185469?ns_mchannel=social&ns_source=twitter&ns_campaign=bbc_live&ns_linkname=626414d1b1e16c43aefe71b4%26Ukraine%20says%20two%20more%20Russian%20generals%20killed%262022-04-23T15%3A44%3A02.037Z&ns_fee=0&pinned_post_locator=urn:asset:3d609710-b1cb-4c28-acd8-279f3ac1abe0&pinned_post_asset_id=626414d1b1e16c43aefe71b4&pinned_post_type=share,UkrainianConflict
20,ua287a,"If we do not start arming Moldova now, have we really learnt anything at all in the past two months? - Visegrad24",112,640,2022-04-23 10:11:04,https://mobile.twitter.com/visegrad24/status/1517682529326837761,UkrainianConflict
21,ua7u0z,"Russia Blocks Economic Data, Hiding Effect of Western Sanctions",60,618,2022-04-23 15:26:40,https://www.wsj.com/articles/russia-blocks-economic-data-hiding-effect-of-western-sanctions-11650677765,UkrainianConflict
22,uafk76,"Combines stolen by ""Kadyrovites"" from Melitopol that they will not be able to use. The manufacturer tracked the location of stolen agricultural machinery thanks to GPS and turned them off remotely.",62,628,2022-04-23 21:42:11,https://twitter.com/TpyxaNews/status/1517981860860674048?t=RVx8b_xjmdA-fvcZjejw7g&s=19,UkrainianConflict
23,ua0xzw,"G20 cannot function with Russia at the table, Canada says",32,594,2022-04-23 08:37:15,https://www.reuters.com/world/canada-says-g20-cannot-function-with-russia-table-2022-04-22/,UkrainianConflict
24,uac8eg,Zelenskyy: We will return our territories as soon as we have weapons,35,572,2022-04-23 18:56:36,https://www.pravda.com.ua/eng/news/2022/04/23/7341645/,UkrainianConflict
25,uabbyi,"308 residents of #Mariupol, incl 90 kids, were kidnapped and forcibly moved to Vladivostok, the town in Russia's far east. It is ~9,500km from Mariupol.",34,565,2022-04-23 18:12:55,https://twitter.com/OlenaHalushka/status/1517822391279394816,UkrainianConflict
26,ua35vo,"Flash on Twitter: A fake video of Volodymyr Zelenskyi with a white powder substance on his table is getting viral within the Russian media. They are using footage from March 6th. However, the white powder substance is missing from the original footage.",85,513,2022-04-23 11:15:39,https://twitter.com/flash43191300/status/1517618967061409792?s=21&t=Q6OJaBKkrzu_Uc-tFrNCSgmm,UkrainianConflict
27,ua2h9o,"""Criticism when a Russian ship unloads in Sweden"" as much as 90 % of the Russian ships are allowed to do business as usual in EU countries because of exceptions in sanctions.",35,503,2022-04-23 10:28:59,https://www.svd.se/a/x8kq8l/kritik-nar-ryskt-fartyg-lossar-i-sverige,UkrainianConflict
28,uag44j,Nunavut senator calls being banned from Russia a 'badge of honour',17,532,2022-04-23 22:10:36,https://www.cbc.ca/news/canada/north/patterson-banned-russia-1.6428306,UkrainianConflict
29,ua4mt3,"The Armed Forces of Ukraine carried out a successful counteroffensive north of Kharkiv, liberating the settlements of Bezruky, Slatyne and Prudyanka from the Russian fascist invaders.",36,508,2022-04-23 12:43:44,https://twitter.com/mhmck/status/1517801765063774211,UkrainianConflict
30,uahq6i,"Without making it public, Slovakia has started transferring T-72 tanks to Ukraine. Two of them were spotted today in the Luhansk region, heading for the frontlines.",41,510,2022-04-23 23:35:29,https://twitter.com/visegrad24/status/1518010043311996928,UkrainianConflict
31,uaajy6,"Maria Antonova on Twitter: Plans to reinstate Soviet-era 'first departments' in state companies: special staff will spy on employees and report disloyalty to Putin, as well as organize mandatory pro-army rallies and place propaganda posters in the workplace (yes, POSTERS).",105,463,2022-04-23 17:35:38,https://twitter.com/mashant/status/1517903362959753217,UkrainianConflict
32,uad2tp,Up to 150 invaders eliminated in eastern Ukraine today,29,445,2022-04-23 19:38:32,https://www.ukrinform.net/rubric-ato/3465727-up-to-150-invaders-eliminated-in-eastern-ukraine-today.html,UkrainianConflict
33,ua13tm,"Russian Ministry of Defense states that the US is preparing provocation to accuse Russia of using chemical, biological or tactical nuclear weapons in Ukraine. They state that these plans have already been developed and are a reaction to the success of the Russian army in Ukraine. God help us all...",183,429,2022-04-23 08:49:10,https://t.me/ru2ch_news/42136,UkrainianConflict
34,uae7rz,"According to preliminary information, on Saturday, April 23, the Russians lost a multi-role fighter and fighter-bomber in Kharkiv region.",12,424,2022-04-23 20:34:51,https://nv.ua/ukr/kharkiv/boji-v-harkivskiy-oblasti-zsu-zbili-2-litaki-ta-4-bpla-novini-harkova-ta-oblasti-50236402.html,UkrainianConflict
35,uaab9c,"Ukraine Army destroys enemy command operations center, eliminates two Russian generals",29,409,2022-04-23 17:23:56,https://www.ukrinform.net/rubric-polytics/3465606-ukraine-army-destroys-enemy-command-operations-center-eliminates-two-russian-generals.html,UkrainianConflict
36,ua2uqu,Chechen 'Kadyrovite' Headquarters and Vehicles in Mariupol Hit by Ukrainian Artillery Strike,25,398,2022-04-23 10:55:29,https://youtube.com/watch?v=im3a7OKu76o&feature=share,UkrainianConflict
37,uaggw3,Ohio Army National Guard to send armored vehicles to Ukraine,40,406,2022-04-23 22:29:32,https://ground.news/article/state-national-guards-to-send-armored-vehicles-to-ukraine_72684f,UkrainianConflict
38,ua9ky3,Ukrainian paratroopers congratulated Her Majesty Queen Elizabeth II on her birthday,45,390,2022-04-23 16:48:33,https://www.ukrinform.net/rubric-ato/3465656-ukrainian-paratroopers-congratulated-her-majesty-queen-elizabeth-ii-on-her-birthday.html,UkrainianConflict
39,uafwb7,Article: Russian troops came to kidnap and murder Mokrets village Mayor. She survived by being protected by her villagers. Every day bravery.,5,388,2022-04-23 21:59:55,https://amp.abc.net.au/article/101000692,UkrainianConflict
40,ua9gtd,"Russia has already lost 21.6 thousand servicemen, 854 tanks and 2205 armored vehicles in Ukraine",32,369,2022-04-23 16:42:54,https://interfax.com.ua/news/general/826563.html,UkrainianConflict
41,uagmxv,"Ukrainian air defense units destroy 17 air targets over past day including three aircraft (preliminarily Su-34, Su-35 and Su-25).",35,389,2022-04-23 22:38:11,https://www.ukrinform.net/rubric-ato/3465841-ukrainian-air-defense-units-destroy-17-air-targets-over-past-day.html,UkrainianConflict
42,uai7mf,"EU urges citizens to work from home, drive slower to reduce reliance on Russia",17,382,2022-04-24 00:02:23,https://ground.news/article/eu-urges-citizens-to-work-from-home-drive-slower-to-reduce-reliance-on-russia_518670,UkrainianConflict
43,ua6j6t,Freedom of Russia Legion (formed by defected Russian soldiers as part of Ukrainian TDF) have released new photos. Combatants appear to be using two modified AKS-74 rifles with Strela flash hiders and a UK-supplied NLAW ATGM (MBT LAW),16,334,2022-04-23 14:23:29,https://twitter.com/war_noir/status/1517852125623169026?t=A9nPFFmy2VuMNKaaVUHz3Q&s=19,UkrainianConflict
44,ua3jde,"""Our task is to make it appear as if Ukraine simply does not exist."" References to Kiyv and Ukraine are being removed from the textbooks of Russia's main publishing house",36,338,2022-04-23 11:39:13,https://zona.media/article/2022/04/23/enlightenment,UkrainianConflict
45,ua5d8z,Russia must be designated a state sponsor of terrorism - Minister of Foreign Affairs Dmytro Kuleba on the shelling of Odesa.,3,324,2022-04-23 13:23:44,https://t.me/ukrainenowenglish/5911,UkrainianConflict
46,uabob5,"Ukraine Army destroys enemy command operations center, eliminates two Russian generals",25,316,2022-04-23 18:29:29,https://www.ukrinform.net/rubric-ato/3465606-ukraine-army-destroys-enemy-command-operations-center-eliminates-two-russian-generals.html,UkrainianConflict
47,uahsj7,"Russia is trying to take mediocre platoons & pit them at really good squads & finding themselves outmaneuvered by a smaller but far more agile & task organized force. When Russia can actually fix Ukraine in force on force fights, Russia wins. So Ukraine simply refuses that fight.",56,324,2022-04-23 23:39:03,https://threadreaderapp.com/thread/1517986802379993090.html,UkrainianConflict
48,uaevrx,"Yesterday, April 23, Russia killed Valeriia Hlodan from Odesa and her three-month-old daughter Kira. Freaks who call themselves orthodox christians kill women and children few hours before Easter.",15,301,2022-04-23 21:08:04,https://twitter.com/BackAndAlive/status/1517972903106600960?t=RLCfe7tL9RGcc3wOLgQQbg&s=19,UkrainianConflict
49,uadlag,"The Ukrainian Ministry of Defense is reporting that Russian Forces are preparing for a Large-Scale Assault in the next 24 hours, involving Armor and Air Assets, on the City of Severodonetsk in the Eastern part of the Country, Ukrainian Forces are being reinforced accordingly.",28,295,2022-04-23 20:03:19,https://twitter.com/sentdefender/status/1517929245141397504?t=xF8X_Z03TsuW51OYX2r-og&s=19,UkrainianConflict
50,ua9u4q,Foreign Affairs Committee Chairs ofüáµüá±üá±üáπüá±üáªüá™üá™üá∫üá¶are calling to provide all necessary heavy weapons to Ukraine in a joint statement: üîπRussia can be stopped only by military defeat üîπRestoration of Ukraine‚Äôs internationally recognized borders is the only way to prevent nextüá∑üá∫attacks,4,287,2022-04-23 17:00:35,https://twitter.com/euromaidanpress/status/1517908403435282436?s=21&t=aDmJCWWIfDPZkPrALQAiKw,UkrainianConflict
51,ua4u9v,Russian State TV Host Shows Plan on How Russian Forces Can Seize The Baltic States From Europe,219,283,2022-04-23 12:55:50,https://youtube.com/watch?v=8uSd9RYQH0I&feature=share,UkrainianConflict
52,uaf018,Zelenskyy: The word ‚ÄúRuscism‚Äù will enter history textbooks all over the world,17,285,2022-04-23 21:13:54,https://www.pravda.com.ua/eng/news/2022/04/23/7341654/,UkrainianConflict
53,uad9bk,President: Ukraine will start to retake occupied territories as soon as we receive enough weapons,14,279,2022-04-23 19:47:27,https://www.ukrinform.net/rubric-ato/3465763-president-ukraine-will-start-to-retake-occupied-territories-as-soon-as-we-receive-enough-weapons.html,UkrainianConflict
54,uakbny,"Ukrainian Valeria, her baby daughter Kira was just three months old, and Valeria's mother were killed when a Russian missile hit their residential building in the port city of Odessa, southwest Ukraine, April 23rd, 2022. They were among eight Ukrainians killed by Russian strikes on that city.",16,302,2022-04-24 02:02:45,https://twitter.com/strategywoman/status/1517961167016239105?s=21&t=9IzY7dnlso3VjlCtwAvJHA,UkrainianConflict
55,uadsre,More than 20 countries have agreed to take part in the US-hosted discussion of Ukraine's defense needs in Rammstein next week - the Pentagon,22,262,2022-04-23 20:13:49,https://censor.net/ua/news/3336183/uje_ponad_20_krayin_pogodylysya_vzyaty_uchast_v_obgovorenni_oboronnyh_potreb_ukrayiny_pentagon,UkrainianConflict
56,uafja3,"April 23, 2022: UA Air Force destroyed 3 Russian planes (preliminarily Su-34, Su-35, Su-25), 5 cruise missiles, and 9 UAVs",18,254,2022-04-23 21:40:53,https://www.facebook.com/kpszsu/videos/954045168595654/,UkrainianConflict
57,uaa7zq,"President Zelensky says Ukraine will suspend negotiations with Russia if a ""referendum"" on the creation of a separatist republic in Kherson is held",7,242,2022-04-23 17:19:31,https://twitter.com/michaelh992/status/1517910550700826625?t=GJLZOvrqlckLNfJDmBiNOg&s=09,UkrainianConflict
58,ua7jor,"Discussion: Train derailment as warfare. It doesn't seem hard to cast something like this device and smuggle it around Russia or Crimea. Paint them black and have at it. Crimea is a vital rail shipping path for Russia and it is very thin, very long, difficult to defend, and has many overpasses.",65,240,2022-04-23 15:12:43,https://nolancompany.com/portable-derails/,UkrainianConflict
59,ua9v3m,"Orcs disguised mines in children's toys, books. The occupiers were well aware that the child would pick up the toy at the first place when back at home.",15,242,2022-04-23 17:01:52,https://socportal.info/en/news/okkupanty-pryachut-miny-v-detskie-igrushki/,UkrainianConflict
60,uamvug,Russian offensive near Oleksandrivka failed. Ukraine liberated 8 settlements in Kherson Oblast. Russian equipment staging area hit near Posad.,13,318,2022-04-24 04:38:40,https://m.facebook.com/story.php?story_fbid=2039927556178487&id=528312067340051,UkrainianConflict
61,ua99si,"Two Mariupol girl actresses killed. They had both played Lucy, a character in The Lion, the Witch and the Wardrobe in The Chronicles of Narnia.",3,238,2022-04-23 16:33:48,https://www.bbc.com/news/live/world-europe-61185469?ns_mchannel=social&ns_source=twitter&ns_campaign=bbc_live&ns_linkname=62641ea9b1e16c43aefe71f8%26Two%20little%20Mariupol%20actresses%20killed%20-%20Ukraine%20official%262022-04-23T16%3A05%3A56.935Z&ns_fee=0&pinned_post_locator=urn:asset:852c9352-74bc-4dd6-8dd8-e8fa6e178621&pinned_post_asset_id=62641ea9b1e16c43aefe71f8&pinned_post_type=share,UkrainianConflict
62,uajxnj,"Poland has provided Ukraine with weapons worth around 7 billion PLN - announced Prime Minister @MorawieckiM during the conference for the initiative #StopRussiaNOW. This is over 1.6 billion dollars to defend Ukrainian, Polish and European sovereignty!",23,263,2022-04-24 01:40:00,https://twitter.com/PiotrMuller/status/1517862593834192898,UkrainianConflict
63,uaf8e5,"#Russia wants to organize a parade of #Ukrainian prisoners on May 9, ‚Äî Adviser to the Head of the President's Office of #Ukraine, Oleksii Arestovych. ¬´This is a severe violation of the Geneva Conventions and all the rules of war!¬ª ‚Äì he says.",66,252,2022-04-23 21:25:35,https://twitter.com/EuromaidanPR/status/1517977763508101122?t=7V92apQOkpzVsfyne7Bc2Q&s=19,UkrainianConflict
64,ua3i7w,"UK: Stormer Anti-Aircraft Missile Trucks Head to Ukraine, Reports Say",2,235,2022-04-23 11:37:11,https://www.businessinsider.com/uk-stormer-anti-aircraft-missile-trucks-head-to-ukraine-reports-say-2022-4?IR=T,UkrainianConflict
65,uae0n0,Russian general says Moscow aim is to leave Ukraine as a landlocked country,39,241,2022-04-23 20:24:56,https://www.euractiv.com/section/global-europe/news/russian-general-says-moscow-aim-is-to-leave-ukraine-as-a-landlocked-country/,UkrainianConflict
66,uagt6d,"In Tula, a young mother tore the letters Z off the window of a kindergarten. She was fined 48,000 rubles for discrediting the actions of the RF Armed Forces.",24,222,2022-04-23 22:47:15,https://mobile.twitter.com/vottak_tv/status/1517800357371523072,UkrainianConflict
67,ua7j1c,"On April 22nd, Ukrainian defenders destroyed a forward command post of Russia's 49th Combined Arms Army in temporarily-occupied Kherson region. Stupidly, the invaders located the post close to the battlefront. Two Russian generals were killed. Another was seriously wounded.",12,199,2022-04-23 15:11:49,https://twitter.com/mhmck/status/1517878146095321088?s=20&t=-RhzxMH40mSIEXB0LbK7YA,UkrainianConflict
68,uaeadp,"Pundit argues on Russian state TV that the exits at Azovstal should be sealed off with concrete. Host prefers the idea of capturing Ukrainians and showing them at public markets, allowing anyone to do ""whatever they want"" to them",55,202,2022-04-23 20:38:33,https://twitter.com/JuliaDavisNews/status/1517958546712928259?t=OZrobosgnxOTg50w83nCiA&s=09,UkrainianConflict
69,uabfnm,Zelenskiy‚Äôs economic guru: ‚ÄòGermany can survive without Russian oil: I wouldn‚Äôt want my country facing the shame‚Äô | The Guardian,43,198,2022-04-23 18:17:52,https://www.theguardian.com/business/2022/apr/23/zelenskiys-economic-guru-germany-can-survive-without-russian-oil,UkrainianConflict
70,uai5a5,"Now That An F-15 Sale Is On The Cards, Will Egypt Give Ukraine Its MiG-29s?",36,205,2022-04-23 23:59:09,https://www.forbes.com/sites/pauliddon/2022/04/22/now-that-an-f-15-sale-is-on-the-cards-will-egypt-give-ukraine-its-mig-29s/?sh=5bed18fb3f7a,UkrainianConflict
71,ua1eht,A gift from the Armed Forces of Ukraine has arrived at the Kadyrov pig base. TikTok soldiers are running away.,18,196,2022-04-23 09:10:37,https://twitter.com/VigilantinfoN/status/1517785213660811266,UkrainianConflict
72,ualf81,Countries buying Russian oil ‚Äòcomplicit in war crimes‚Äô says Ukraine adviser | Ukraine,22,220,2022-04-24 03:07:30,https://www.theguardian.com/world/2022/apr/23/countries-buying-russian-oil-complicit-in-war-crimes-says-ukraine-adviser,UkrainianConflict
73,uajvu7,Russia‚Äôs Tchaikovsky Competition expelled from the World Federation of International Music Competitions,12,217,2022-04-24 01:36:56,https://www.classicfm.com/composers/tchaikovsky/russian-music-competition-expelled-world-federation/,UkrainianConflict
74,ua2np4,"Mayor of Mariupol: Another large grave has been found, the worst genocide since the Holocaust - Russia Vs World",18,189,2022-04-23 10:41:19,https://russiavsworld.org/mayor-of-mariupol-another-large-grave-has-been-found-the-worst-genocide-since-the-holocaust/,UkrainianConflict
75,uan4vi,Ukraine regains control of eight settlements in Kherson region,8,238,2022-04-24 04:55:03,https://www.ukrinform.net/rubric-ato/3465926-ukraine-regains-control-of-eight-settlements-in-kherson-region.html,UkrainianConflict
76,uajald,A kind of Russian war analytics. Far-right former colonel Kvachkov explains to international war criminal Igor Girkin what he believes is the main problem of Russian army - too many jews,48,195,2022-04-24 01:03:11,https://twitter.com/kmartynov/status/1518015183473590276?t=qNWV3piLIt2Tp_Ia8Qlhiw&s=19,UkrainianConflict
77,ua77jg,Amazon has donated over $35 million to help Ukrainian refugees.,40,173,2022-04-23 14:56:39,https://espreso.tv/amazon-skeruvav-ponad-35-mln-na-dopomogu-ukrainskim-bizhentsyam,UkrainianConflict
78,uaito0,Southern Axis Update: #Russian forces paused ground offensive operations in northern #Kherson Oblast. The Ukrainian Resistance Center reported that an organized resistance movement has killed 100 Russian occupation personnel since the start of the war. [crosspost from /r/openrussia],14,189,2022-04-24 00:37:09,https://twitter.com/TheStudyofWar/status/1518008394245828608,UkrainianConflict
79,ua6gcx,Russia says British SAS 'sabotage specialists' in Ukraine,85,166,2022-04-23 14:19:49,https://www.bbc.co.uk/news/live/world-europe-61185469?ns_mchannel=social&ns_source=twitter&ns_campaign=bbc_live&ns_linkname=626349e2b1e16c43aefe7031%26Russia%20says%20British%20SAS%20%27sabotage%20specialists%27%20in%20Ukraine%262022-04-23T00%3A53%3A13.302Z&ns_fee=0&pinned_post_locator=urn:asset:771a810f-fcd3-41da-b855-971f4c875ee5&pinned_post_asset_id=626349e2b1e16c43aefe7031&pinned_post_type=share,UkrainianConflict
80,uaeulp,UK warns Russia not to enlist civilians in military,39,169,2022-04-23 21:06:26,https://www.bbc.com/news/live/world-europe-61185469?ns_mchannel=social&ns_source=twitter&ns_campaign=bbc_live&ns_linkname=62645de4b1e16c43aefe72a4%26UK%20warns%20Russia%20not%20to%20enlist%20civilians%20in%20military%262022-04-23T20%3A21%3A57.894Z&ns_fee=0&pinned_post_locator=urn:asset:b1c3fb4c-47db-406d-ba2f-348d4bda43e3&pinned_post_asset_id=62645de4b1e16c43aefe72a4&pinned_post_type=share,UkrainianConflict
81,ua1myl,National Guard of Ukraine has a new fighter with the call sign MAX. This is a Belgian shepherd dog that was adopted by Ukrainian soldiers in the Mykolaiv region. Previously its owners were Russian soldiers - the Putin's invaders abandoned it when they were retreating.,9,167,2022-04-23 09:28:46,https://twitter.com/VigilantinfoN/status/1517792901220245506,UkrainianConflict
82,ua5g4j,"Sending tanks to Poland 'not a crazy idea', says UK general",12,170,2022-04-23 13:27:59,https://www.bbc.com/news/live/world-europe-61185469?ns_mchannel=social&ns_source=twitter&ns_campaign=bbc_live&ns_linkname=6263a8946b7942142fe9539b%26Sending%20tanks%20to%20Poland%20%27not%20a%20crazy%20idea%27%20-%20UK%20general%262022-04-23T07%3A32%3A32.149Z&ns_fee=0&pinned_post_locator=urn:asset:a027ebc1-3039-4613-b09b-f4d6c1ef8514&pinned_post_asset_id=6263a8946b7942142fe9539b&pinned_post_type=share,UkrainianConflict
83,uahyps,"Mother, daughter and granny. All three killed today in Odesa. Happy Easter, Mr.putin. The Heaven will never accept you.",5,175,2022-04-23 23:48:40,https://twitter.com/IuliiaMendel/status/1517992363683110917?ref_src=twsrc%5Etfw%7Ctwcamp%5Etweetembed%7Ctwterm%5E1517992363683110917%7Ctwgr%5E%7Ctwcon%5Es1_c10&ref_url=https%3A%2F%2Fwww.theguardian.com%2Fworld%2Flive%2F2022%2Fapr%2F23%2Frussia-ukraine-war-latest-zelenskiy-warns-moscow-wants-to-capture-other-countries-as-moldova-expresses-concern-over-russian-plans-live,UkrainianConflict
84,uai1oh,A Sleeping Russian Soldier is Found by Ukrainians Thanks to His Loud Snoring / Location Unknown,28,172,2022-04-23 23:53:18,https://youtube.com/watch?v=_JpfPVlO6oY&feature=share,UkrainianConflict
85,ua68yy,UK gave sanctioned Russians ‚Äògolden visas‚Äô after first Ukraine invasion | The super-rich | The Guardian,13,166,2022-04-23 14:09:24,https://www.theguardian.com/news/2022/apr/22/russians-sanctioned-uk-given-golden-visas-ukraine-invasion,UkrainianConflict
86,ua3gkb,Kharkiv region: Defenders knocked the Russian occupiers out of 3 settlements,5,161,2022-04-23 11:34:11,https://www.pravda.com.ua/eng/news/2022/04/23/7341551/,UkrainianConflict
87,uaf4u9,Turkey bars Russian planes heading for Syria,4,161,2022-04-23 21:20:35,https://ground.news/article/turkey-closes-airspace-to-russian-planes-flying-to-syria_0a2dd7,UkrainianConflict
88,ua79f5,Ukrainians allowed to exchange driving licence for an Irish one The move was welcomed by Ukraine‚Äôs ambassador to Ireland.,7,158,2022-04-23 14:59:15,https://www.independent.co.uk/news/uk/irish-people-ukraine-minister-for-transport-b2063637.html,UkrainianConflict
89,uakehz,"Scranton, PA pivotal to US support of Ukraine",32,165,2022-04-24 02:07:13,https://en.m.wikipedia.org/wiki/Scranton_Army_Ammunition_Plant,UkrainianConflict
90,uaj4af,A Russian Armored Column Operating in the Kherson Region Has Been Destroyed by Ukrainian Forces,15,158,2022-04-24 00:53:39,https://youtube.com/watch?v=JQa8RTrs7oc&feature=share,UkrainianConflict
91,uaeyx9,Russia threatens chemical attack on Odesa but is already blaming Ukraine,10,153,2022-04-23 21:12:20,https://www.pravda.com.ua/eng/news/2022/04/23/7341657/,UkrainianConflict
92,uaauvi,HUMILIATION - CHECHEN SOLDIERS ARE KILLING RUSSIAN TROOPS WHO NO LONGER WANTED TO FIGHT || 2022,26,147,2022-04-23 17:50:08,https://www.youtube.com/watch?v=yi_SQGqnanM,UkrainianConflict
93,uahvsy,"Ukraine will ask US for more heavy weapons to defeat Russia, Zelenskiy says",16,148,2022-04-23 23:44:07,https://www.theguardian.com/world/2022/apr/23/ukraine-will-ask-us-for-more-heavy-weapons-to-defeat-russia-zelenskiy-says,UkrainianConflict
94,uagwv3,"Russians are preparing to shell Ukrainian towns this night & tomorrow as Orthodox Christians will celebrate Easter. A Russian soldier tells his woman that they are painting ""Christ is risen"" on the missiles. She laughs ‚Äì SBU intercepts",18,148,2022-04-23 22:52:37,https://twitter.com/OlenaHalushka/status/1517849417776349186?t=php5QhWogi7C_4NdXGNEdg&s=09,UkrainianConflict
95,ua2rz5,Canada delivers M777 howitzers to Ukraine,21,139,2022-04-23 10:49:57,https://www.ukrinform.net/rubric-ato/3465305-canada-delivers-m777-howitzers-to-ukraine.html,UkrainianConflict
96,ua6ohv,At least 5 dead and 18 wounded in the attack on Odesa. A 3-month-old is among those killed. Ukraine is preparing to celebrate a very dangerous Easter,5,140,2022-04-23 14:30:40,https://twitter.com/IuliiaMendel/status/1517871515039150080?t=juCvbVfdTide6ThsysWL4A&s=19,UkrainianConflict
97,ua8xh8,Russian Families Illegally Adopt Ukrainian Children Forcibly Deported from Occupied Districts ‚Äì Denisova,13,129,2022-04-23 16:17:30,https://tsn.ua/en/ato/russian-families-illegally-adopt-ukrainian-children-forcibly-deported-from-occupied-districts-denisova-2044480.html,UkrainianConflict
98,ua642h,"Russian breakthrough in Donbas highly unlikely without air dominance ‚Äî Phillips P. OBrien, Professor of Strategic Studies",14,129,2022-04-23 14:02:39,https://twitter.com/PhillipsPOBrien/status/1517760556542971904?s=20&t=90hk7hVrBaYUL7DpBQmIWg,UkrainianConflict
99,uairid,"One of Russia's largest textbook printers, Prosveshcheniye, has ordered editors to minimize or remove references to Ukraine and Kyiv from schoolbooks on history, literature and geography: ""The task before us is to make it look like Ukraine simply does not exist."" [crosspost from /r/openrussia]",16,140,2022-04-24 00:33:53,https://twitter.com/JuliaDavisNews/status/1517902386169327618,UkrainianConflict
100,uac5mv,German FM Baerbock calls for stronger NATO strategy in Baltics,55,130,2022-04-23 18:52:46,https://youtu.be/W_Q1rU1vsxM,UkrainianConflict
101,uaeepp,"UK: Former ministers have broken ranks to describe how successive prime ministers, including Boris Johnson, withheld arms from Ukraine until just weeks before February‚Äôs invasion because of fears they might provoke Vladimir Putin",23,131,2022-04-23 20:44:48,https://www.thetimes.co.uk/article/ukraine-spent-seven-years-begging-three-pms-for-weapons-and-no-one-listened-58t5m9kkq#Echobox=1650733937-1,UkrainianConflict
102,ual9ss,"Putin has ignited a new anti-colonial struggle. This time, Moscow is the target | Nick Cohen",3,141,2022-04-24 02:58:54,https://www.theguardian.com/commentisfree/2022/apr/23/putin-ignited-new-anti-colonial-struggle-this-time-moscow-target,UkrainianConflict
103,uaj230,"As Ukrainian students arrive in Canada, experts urge schools to be welcoming, culturally informed",3,132,2022-04-24 00:50:04,https://www.cbc.ca/news/canada/students-ukraine-refugee-settlement-1.6410177,UkrainianConflict
104,ua7jy5,"‚ÄúMeanwhile on Russian state TV: hosts and panelists giggling uncontrollably, while discussing nuclear strikes against the continental territory of the United States.",66,122,2022-04-23 15:13:06,https://www.newsweek.com/pentagon-response-russian-tv-nuclear-strike-discussion-1700166,UkrainianConflict
105,uaat2d,"Ukraine president threatens to quit talks if Russia holds ""pseudo-referendums"" in occupied areas",10,123,2022-04-23 17:47:42,https://www.reuters.com/world/europe/ukraine-president-threatens-quit-talks-if-russia-holds-pseudo-referendums-2022-04-23/,UkrainianConflict
106,uag9dc,"Jana ƒåernochov√° (Czech Minister of Defence): ""... if we have the opportunity to get helicopters of American origin in a shorter time, we will decide where to go with the Mi-24. "" Journalist: ""One place occurs to me - what about Ukraine?"" JC: ""I won't even suggest. But I'm smiling.""",32,126,2022-04-23 22:18:19,https://www.seznamzpravy.cz/clanek/domaci-politika-cernochova-odleta-do-usa-chci-dat-jasny-signal-ze-chceme-patrit-na-zapad-198888,UkrainianConflict
107,ua5j3u,Children of Mariupol who are hiding from Russian bombing. They dream of returning home from the basement of the Azovstal plant. But their city of Mariupol has been completely destroyed by Russian War Criminals.,7,120,2022-04-23 13:32:17,https://twitter.com/VigilantinfoN/status/1517858167522222081,UkrainianConflict
108,uab6of,Vladimir Putin has signaled his tacit approval for further Russian war crimes in Ukraine by publicly honoring one of the military units most closely linked to atrocities against Ukrainian civilians,4,125,2022-04-23 18:05:53,https://english.nv.ua/opinion/putin-just-gave-his-tacit-approval-for-more-war-crimes-50236277.html,UkrainianConflict
109,ua9uz6,Back in the USSR: Lenin statues and Soviet flags reappear in Russian-controlled cities,19,122,2022-04-23 17:01:42,https://www.theguardian.com/world/2022/apr/23/back-in-the-ussr-lenin-statues-and-soviet-flags-reappear-in-russian-controlled-cities?CMP=Share_AndroidApp_Other,UkrainianConflict
110,ua3spn,‚ÄúSkhid‚Äù Task Force killed up to 130 invaders and an aggressors‚Äô warehouse holding ammunition,10,120,2022-04-23 11:55:18,https://www.pravda.com.ua/eng/news/2022/04/23/7341506/,UkrainianConflict
111,ua2bvp,Ukrainian counterattacks slowing Russian offensive in east | AP News,9,119,2022-04-23 10:18:09,https://apnews.com/article/russia-ukraine-kyiv-business-europe-moscow-07659d866eb9496caf00842c3a90f36c,UkrainianConflict
112,uahgzb,Arming Ukraine Is the Path to Peace,9,126,2022-04-23 23:21:56,https://www.thedailybeast.com/arming-ukraine-is-the-path-to-peace?ref=home,UkrainianConflict
113,ua5ng4,Ukrainian counterattacks slowing Russian offensive in east,20,118,2022-04-23 13:38:50,https://ground.news/article/ukrainian-counterattacks-slowing-russian-offensive-in-east_16d09f,UkrainianConflict
114,uam8dz,Russia says it destroyed Odesa terminal where foreign weapons were stored,47,134,2022-04-24 03:57:11,https://ground.news/article/russia-says-it-destroyed-odesa-terminal-where-foreign-weapons-were-stored_de1db4,UkrainianConflict
115,ua3lum,"How the Ukrainian Azov"" regiment helps civilians fleeing Russian shelling in the basements of Azovstal in Mariupol. These children do not yet understand that they are being hunted by murderers & rapists of the Russian Army.",4,113,2022-04-23 11:43:31,https://twitter.com/VigilantinfoN/status/1517828846724296704,UkrainianConflict
116,ua1csa,Former Putin advisor Glaziev promotes a Nazi conspiracy theory: Zelensky sends Ukrainians to die fighting Russia in order to ethnically cleanse the land and repopulate it with Jews,47,113,2022-04-23 09:07:03,https://twitter.com/just_whatever/status/1517778929557417984,UkrainianConflict
117,ualtzm,Russians have started to blue the faces of their servicemen on their media,23,125,2022-04-24 03:32:28,https://twitter.com/HannaLiubakova/status/1517843245509849093,UkrainianConflict
118,uaa7wp,"ISTANBUL, April 23 (Reuters) - Turkish air space has been closed to military and civilian planes carrying troops from Russia to Syria after consultation with Moscow, Turkey's state broadcaster TRT Haber cited Foreign Minister Mevlut Cavusoglu as saying on Saturday.",11,112,2022-04-23 17:19:26,https://twitter.com/idreesali114/status/1517915012144275460,UkrainianConflict
119,uaeff1,Zelensky satisfied with UK military aid,6,109,2022-04-23 20:45:53,https://www.bbc.com/news/live/world-europe-61185469?ns_mchannel=social&ns_source=twitter&ns_campaign=bbc_live&ns_linkname=6264395c6b7942142fe955a9%26Zelensky%20satisfied%20with%20UK%20military%20aid%262022-04-23T18%3A02%3A15.815Z&ns_fee=0&pinned_post_locator=urn:asset:cc74712b-4291-460b-b414-dc3af1b800eb&pinned_post_asset_id=6264395c6b7942142fe955a9&pinned_post_type=share,UkrainianConflict
120,ua260w,Ukraine's President Zelensky rejects Russia's claims to have captured Mariupol - BBC News,2,108,2022-04-23 10:06:40,https://www.youtube.com/watch?v=u0LdIr7SeBw,UkrainianConflict
121,uakdwc,"A Russian Orlan-10 reconnaissance drone was captured by Ukrainian Army forces on the Eastern Front, on April 23rd, 2022. Mostly intact as it either ran out of fuel or had another malfunction, one of many such drones downed by Ukrainian forces in the east.",15,113,2022-04-24 02:06:13,https://twitter.com/uaweapons/status/1517948256071860226?s=21&t=9IzY7dnlso3VjlCtwAvJHA,UkrainianConflict
122,uac6sd,‚ÄúI want countries in Asia to change their treatment of Ukraine‚Äù - Zelenskyy,5,105,2022-04-23 18:54:22,https://www.pravda.com.ua/eng/news/2022/04/23/7341653/,UkrainianConflict
123,uac4ta,Ukraine will exit negotiations if Mariupol residents are killed or Russia conducts ‚Äúreferendums‚Äù in occupied territories,0,109,2022-04-23 18:51:40,https://www.pravda.com.ua/eng/news/2022/04/23/7341637/,UkrainianConflict
124,uafs9x,"‚ö°Ô∏è Command of the Air of the Armed Forces of Ukrainereports that by the end of the day on April 23, 17 air targets were hit: 3 aircraft (preliminarily Su-34, Su-35, Su-25), 5 cruise missiles, 9 OTR UAVs (presumably Orlan-10).",16,104,2022-04-23 21:54:10,https://twitter.com/Flash43191300/status/1517984268877766656?s=20&t=Q2kO9ZQh6qYutePu-k7-8w,UkrainianConflict
125,uadrl8,Two more Russian generals killed in Ukraine,6,102,2022-04-23 20:12:11,https://english.nv.ua/nation/two-more-russian-generals-killed-in-ukraine-50236377.html,UkrainianConflict
126,uam797,"Ukrainian forces continue to regenerate captured Russian vehicles, pictured here, a Tigr IMV",9,112,2022-04-24 03:55:15,https://twitter.com/Osinttechnical/status/1518071621684277254,UkrainianConflict
127,uahytm,Two Russian oligarchs and their families found dead within 24 hours,19,102,2022-04-23 23:48:50,https://www.cnn.com/videos/world/2022/04/22/russian-oligarchs-found-dead-within-days-todd-dnt-tsr-vpx.cnn,UkrainianConflict
128,ua5tda,Sailors' families seek answers about Russian ship sinking,22,96,2022-04-23 13:47:31,https://ground.news/article/sailors-families-seek-answers-about-russian-ship-sinking_e7863f,UkrainianConflict
129,uaib6o,A Look Inside the Sprawling Underground Tunnels of the Azovstal Iron & Steel Factory,20,97,2022-04-24 00:08:09,https://youtube.com/watch?v=1GljCXPMhKE&feature=share,UkrainianConflict
130,uafa4e,"""Just give us these weapons, we'll put them to effective use"". Interview of German magazine Spiegel with presidential adviser Oleksiy Arestovich",7,100,2022-04-23 21:28:03,https://www.spiegel.de/ausland/ukraine-berater-von-wolodymyr-selenskyj-im-interview-gebt-uns-einfach-diese-waffen-a-6557da82-afee-42dd-bc37-cb4956535538?d=1650651857&sara_ecid=app_upd_xDl6zCyJhGEY9I3axx5s5LM6z4xunp&sara_ecid=soci_upd_KsBF0AFjflf0DZCxpPYDCQgO1dEMph,UkrainianConflict
131,ua1pe6,Kyiv Awaits NATO Summit Invite As Wider Security Concerns Mount,5,94,2022-04-23 09:33:23,https://www.rferl.org/a/31817482.html,UkrainianConflict
132,uaccd4,"In Mariupol, Putin now rules a wasteland pitted with mass graves | The Guardian",11,97,2022-04-23 19:01:48,https://www.theguardian.com/world/2022/apr/23/in-mariupol-putin-now-rules-a-wasteland-pitted-with-mass-graves,UkrainianConflict
133,ua5t6t,Extended version from the Russian helicopter shooting down 2 days ago reportedly in the direction of Malynivka village. Video shows the helicopter spending approximately 1 & half min launching flares before being downed the moment it stopped launching them.,18,92,2022-04-23 13:47:15,https://twitter.com/Blue_Sauron/status/1517817773199699977?s=20&t=gEGUnGlFE3CIKyDw1flqnA,UkrainianConflict
134,ua1awv,Russia ‚Äòsentences‚Äô Crimean Tatar leader Mustafa Dzhemilev for seeking to enter his native Crimea,5,94,2022-04-23 09:03:18,https://khpg.org/en/1608810455,UkrainianConflict
135,ua9fyv,"Oryx on Twitter: ""Newly added Russian Army equipment losses: 1x Buk-M1-2 (destroyed by TB2) 2x T-80U (destroyed) 1x T-72B3 (destroyed) 1x T-72B3M (destroyed) 1x R-149MA1 command vehicle (destroyed) 1x 120mm 2S9 Nona SPG (destroyed) 2x MT-LB (destroyed) Full list: https://t.co/QR37xcY8mq"" / Twitter",3,96,2022-04-23 16:41:43,https://twitter.com/oryxspioenkop/status/1498311829474496518,UkrainianConflict
136,ua6mvl,Kharkiv regional police had updated that 2 more civilian bodies that were found murdered then burned by the #Putin regime terrorists were found in Husarivka with signs of torture and both were shot ‚Äúexecution style‚Äù with a single shot to the head.,0,89,2022-04-23 14:28:30,https://twitter.com/ignis_fatum/status/1517754062762127360?t=ASxEUFP08OWMWGRSfmxKMQ&s=19,UkrainianConflict
137,ua45nn,Extended version from the Russian helicopter shooting down 2 days ago reportedly in the direction of Malynivka village. Video shows the helicopter spending approximately 1 & half min launching flares before being downed the moment it stopped launching them.,28,92,2022-04-23 12:15:47,https://twitter.com/Blue_Sauron/status/1517817773199699977,UkrainianConflict
138,uadum1,"""Yet more equipment from #Russia, captured by the armed forces of #Ukraine"" - so many triggered Russians in the comments on this video lmao",10,92,2022-04-23 20:16:26,https://youtube.com/shorts/RQ_G9rM_kR0?feature=share,UkrainianConflict
139,uaftto,"UK to send more military equipment, Johnson tells Zelensky",3,94,2022-04-23 21:56:20,https://www.bbc.co.uk/news/uk-61203882,UkrainianConflict
140,ua5607,"A veteran pro-Kremlin commentator says Russia's goal in Ukraine is ""the gradual dismantling and phased reformatting of this territory""",16,90,2022-04-23 13:12:50,https://www.bbc.com/news/live/world-europe-61185469?ns_mchannel=social&ns_source=twitter&ns_campaign=bbc_live&ns_linkname=6263ed2fb1e16c43aefe70d9%26Goal%20is%20to%20dismantle%20Ukraine%20-%20Russian%20commentator%262022-04-23T12%3A48%3A52.419Z&ns_fee=0&pinned_post_locator=urn:asset:bca0be4d-89f0-4545-b188-97883a049515&pinned_post_asset_id=6263ed2fb1e16c43aefe70d9&pinned_post_type=share,UkrainianConflict
141,ua1k0a,"""Confessions of a General"" - An interview with Lev Rokhlin 1998 This is an interesting interview about the Chechnya war in 93 and it reveals a lot of similarities with how the Russians are fighting today. Lev was assassinated months after this interview",13,91,2022-04-23 09:22:30,https://youtu.be/IoPB_k0tM_M,UkrainianConflict
142,uaecg5,"Peace talks over if Mariupol defenders killed, says Zelensky",4,90,2022-04-23 20:41:33,https://www.bbc.com/news/live/world-europe-61185469?ns_mchannel=social&ns_source=twitter&ns_campaign=bbc_live&ns_linkname=62643777b1e16c43aefe7253%26Peace%20talks%20over%20if%20Mariupol%20defenders%20killed%20-%20Zelensky%262022-04-23T17%3A37%3A17.302Z&ns_fee=0&pinned_post_locator=urn:asset:c378ae79-efbe-4c50-a780-87807dbcbe6e&pinned_post_asset_id=62643777b1e16c43aefe7253&pinned_post_type=share,UkrainianConflict
143,ua0mge,"After Wimbledon, now Russian and Belarusian players may face Italian Open ban; Ukrainian ace Dolgopolov lauds move",13,83,2022-04-23 08:14:18,https://newsable.asianetnews.com/sports/tennis-rome-masters-after-wimbledon-now-russian-and-belarusian-players-may-face-italian-open-ban-snt-ras94x,UkrainianConflict
144,uacuqi,"Now that Ukraine may get PzH from Netherland, get Germany to deliver these beauties. Looks to be the perfect counter to Russia mass of equipment.",11,90,2022-04-23 19:27:12,https://en.wikipedia.org/wiki/SMArt_155,UkrainianConflict
145,uam0p4,Russia threatens chemical attack on Odesa but is already blaming Ukraine - Russia Vs World,6,94,2022-04-24 03:44:04,https://russiavsworld.org/russia-threatens-chemical-attack-on-odesa-but-is-already-blaming-ukraine/,UkrainianConflict
146,ua48mw,Russia to deploy Sarmat missile by autumn - I edited the title because we all know the plural is a complete lie. They have no industry to build them and not means of supply.,9,79,2022-04-23 12:20:39,https://www.reuters.com/world/europe/russia-deploy-first-nuclear-capable-sarmat-missiles-tass-2022-04-23/,UkrainianConflict
147,uaefsy,Russian Invaders Forcibly Recruit Ukrainian Medics at Gunpoint,13,81,2022-04-23 20:46:26,https://tsn.ua/en/ato/russian-invaders-forcibly-recruit-ukrainian-medics-at-gunpoint-2044510.html,UkrainianConflict
148,uaa77b,"(Reuters) - Russia resumed its assault on the last Ukrainian defenders holed up in a giant steel works in Mariupol, a Ukrainian official said on Saturday, days after Moscow declared victory in the southern port city and said its forces did not need to take the plant.",11,85,2022-04-23 17:18:27,https://twitter.com/phildstewart/status/1517884238611238912,UkrainianConflict
149,uae1b4,"Kharkiv, Viktor Hubariev, 79, killed by Russian bomb. He went out to buy bread and bring it back home to his daughter Iana. His daughter still has that bread with her father's blood on it. ""It is a part of my father"", she says.",2,79,2022-04-23 20:25:52,https://twitter.com/EmineDzheppar/status/1517916919344599040?t=vPvRhhowTYalX42sk-0-GQ&s=19,UkrainianConflict
