id,title,num_comments,score,timestamp,subreddit
ua3d9g,"@Mykhailova_A First picture was taken in 2014,we‚Äôre driving to Debaltsevo. I‚Äôm 19. Second photo is from 2022,we‚Äôre driving in the same area,but to the different destination.I‚Äôm 27. 8 years of war. We‚Äôre at the same place. Doing the same thing. Destroying occupiers as good as we can.",310,10759,23 April,UkrainianConflict
uaavym,"In Kharkiv, Ukrainian SBU officers detained a Russian agent, she determined locations of military infrastructure, Ukrainian military locations, also gave locations of schools, hospitals, stores/markets to Russian forces. During the search - a laptop, phones, computer and Russian rubles were found.",511,3926,23 April,UkrainianConflict
uadlll,"In Russia a customer left a bad review for online shop after he ordered a T-shirt with the ""Z"" symbol, but it arrived with the word ""Moron"" written on the package by an employee",62,2520,23 April,UkrainianConflict
ua7dyl,Ukrainian GUR confirms 2 Russian generals dead and one heavily wounded in yesterday's attack near Kherson,244,2117,23 April,UkrainianConflict
uahbew,Polish Prime Minister met with his Ukrainian counterpart today. They signed a deal that will help Ukraine send its exports through Polish ports since Russia‚Äôs blockade has cut them off from the Black Sea. Grain will head for Africa & the Middle East through Poland,99,2307,23 April,UkrainianConflict
ua97rv,BREAKING ‚Äî Turkey has closed its airspace to Russian civilian and military aircraft that transports soldiers to Syria after notifying Moscow: Turkish Foreign Minister via TRT,106,1986,23 April,UkrainianConflict
uagkrb,"Customs duties: Russia paid them in rubles but Kazakhstan rejected the payment and now Kazakh tycoons and citizens are asking Tokayev to hold a referendum on leaving the EaEu and CSTO, Kazakh politicians are also asking Tokayev to prepare the ground for a gradual withdrawal from the two alliances",147,1950,23 April,UkrainianConflict
ua5kup,A subsidiary of the German defense concern Rheinmetall appealed to the federal government in Berlin for permission to supply Kyiv with 100 Marder infantry fighting vehicles.,139,1590,23 April,UkrainianConflict
uaiaxs,"Picture of Valeria and her three months old baby Kira, killed on the 23rd of April in the Russian missile attack against Odesa. Pictures were taken and posted by Valeria‚Äôs husband. This is what Russia wants for Eastern Europe.",83,1388,24 April,UkrainianConflict
uac73h,Scholz‚Äôs lies and manipulations to avoid sending weapons to Ukraine (w/ sources),288,1251,23 April,UkrainianConflict
uabtsf,Russia‚Äôs Military Is Getting Defeated by Ukrainian Mud,108,1177,23 April,UkrainianConflict
ua0i18,"A video from 1997 showing the autoload capabilities of the German PZH2000 155mm howitzer. Netherlands üá≥üá± will supply this beast to Ukraine üá∫üá¶. I did not think NL would be sending their best artillery, but here we are. Thanks Mark!",197,974,23 April,UkrainianConflict
ua6xqd,"""The only aim of Russian missile strikes on Odesa is terror. Russia must be designated a state sponsor of terrorism and treated accordingly"", says Ukrainian government",21,969,23 April,UkrainianConflict
uadfwq,"Russian soldier: ""We're tired here. There's a sniper next to us who is removing everyone. Today he got 4 people""",162,968,23 April,UkrainianConflict
uae5p6,Estonia (population 1.3 million) is the world‚Äôs 2nd largest provider of military aid to Ukraine - but that doesn‚Äôt include the huge support from individuals & companies here too. Here‚Äôs yet another privately funded convoy leaving from Tallinn,36,945,23 April,UkrainianConflict
uagaci,"Ukrainian Army forces of the Azov Battalion/Regiment still holding and resisting against the Russian Army, in the Illich Steel and Iron Works factory complex in besieged and destroyed Mariupol. They are equipped with British NLAWs and mainly Kalashnikov assault rifles, recent photos, April 2022.",198,959,23 April,UkrainianConflict
uacmpf,The new ‚ÄúDefense of the Homeland-law‚Äù came into force in Poland today. It will increase the Polish Army from 150 000 to 300 000 over the next years & introduce more modern equipment. It will also increase military spending from slightly over 2% of GDP to 3% by 2023.,63,897,23 April,UkrainianConflict
ua5g1e,The Polish PM has just revealed that Poland has sent Ukraine 7 bilion z≈Çoty (1.6 billion euros) worth of weapons.,47,794,23 April,UkrainianConflict
ua9j3p,"Tver region in Russia bought 100 000 ""patriotic"" stickers for 3.8 million rubles and hung them around the city. A month later, looks like corruption took place in this ‚Äústate procurement‚Äù - the stickers turned out to be of such poor quality that they lost their colour and turned into Ukraine flags.",43,736,23 April,UkrainianConflict
ua8yr0,Ukraine says two more Russian generals killed,45,665,23 April,UkrainianConflict
ua287a,"If we do not start arming Moldova now, have we really learnt anything at all in the past two months? - Visegrad24",112,640,23 April,UkrainianConflict
ua7u0z,"Russia Blocks Economic Data, Hiding Effect of Western Sanctions",60,618,23 April,UkrainianConflict
uafk76,"Combines stolen by ""Kadyrovites"" from Melitopol that they will not be able to use. The manufacturer tracked the location of stolen agricultural machinery thanks to GPS and turned them off remotely.",62,628,23 April,UkrainianConflict
ua0xzw,"G20 cannot function with Russia at the table, Canada says",32,594,23 April,UkrainianConflict
uac8eg,Zelenskyy: We will return our territories as soon as we have weapons,35,572,23 April,UkrainianConflict
uabbyi,"308 residents of #Mariupol, incl 90 kids, were kidnapped and forcibly moved to Vladivostok, the town in Russia's far east. It is ~9,500km from Mariupol.",34,565,23 April,UkrainianConflict
ua35vo,"Flash on Twitter: A fake video of Volodymyr Zelenskyi with a white powder substance on his table is getting viral within the Russian media. They are using footage from March 6th. However, the white powder substance is missing from the original footage.",85,513,23 April,UkrainianConflict
ua2h9o,"""Criticism when a Russian ship unloads in Sweden"" as much as 90 % of the Russian ships are allowed to do business as usual in EU countries because of exceptions in sanctions.",35,503,23 April,UkrainianConflict
uag44j,Nunavut senator calls being banned from Russia a 'badge of honour',17,532,23 April,UkrainianConflict
ua4mt3,"The Armed Forces of Ukraine carried out a successful counteroffensive north of Kharkiv, liberating the settlements of Bezruky, Slatyne and Prudyanka from the Russian fascist invaders.",36,508,23 April,UkrainianConflict
uahq6i,"Without making it public, Slovakia has started transferring T-72 tanks to Ukraine. Two of them were spotted today in the Luhansk region, heading for the frontlines.",41,510,23 April,UkrainianConflict
uaajy6,"Maria Antonova on Twitter: Plans to reinstate Soviet-era 'first departments' in state companies: special staff will spy on employees and report disloyalty to Putin, as well as organize mandatory pro-army rallies and place propaganda posters in the workplace (yes, POSTERS).",105,463,23 April,UkrainianConflict
uad2tp,Up to 150 invaders eliminated in eastern Ukraine today,29,445,23 April,UkrainianConflict
ua13tm,"Russian Ministry of Defense states that the US is preparing provocation to accuse Russia of using chemical, biological or tactical nuclear weapons in Ukraine. They state that these plans have already been developed and are a reaction to the success of the Russian army in Ukraine. God help us all...",183,429,23 April,UkrainianConflict
uae7rz,"According to preliminary information, on Saturday, April 23, the Russians lost a multi-role fighter and fighter-bomber in Kharkiv region.",12,424,23 April,UkrainianConflict
uaab9c,"Ukraine Army destroys enemy command operations center, eliminates two Russian generals",29,409,23 April,UkrainianConflict
ua2uqu,Chechen 'Kadyrovite' Headquarters and Vehicles in Mariupol Hit by Ukrainian Artillery Strike,25,398,23 April,UkrainianConflict
uaggw3,Ohio Army National Guard to send armored vehicles to Ukraine,40,406,23 April,UkrainianConflict
ua9ky3,Ukrainian paratroopers congratulated Her Majesty Queen Elizabeth II on her birthday,45,390,23 April,UkrainianConflict
uafwb7,Article: Russian troops came to kidnap and murder Mokrets village Mayor. She survived by being protected by her villagers. Every day bravery.,5,388,23 April,UkrainianConflict
ua9gtd,"Russia has already lost 21.6 thousand servicemen, 854 tanks and 2205 armored vehicles in Ukraine",32,369,23 April,UkrainianConflict
uagmxv,"Ukrainian air defense units destroy 17 air targets over past day including three aircraft (preliminarily Su-34, Su-35 and Su-25).",35,389,23 April,UkrainianConflict
uai7mf,"EU urges citizens to work from home, drive slower to reduce reliance on Russia",17,382,24 April,UkrainianConflict
ua6j6t,Freedom of Russia Legion (formed by defected Russian soldiers as part of Ukrainian TDF) have released new photos. Combatants appear to be using two modified AKS-74 rifles with Strela flash hiders and a UK-supplied NLAW ATGM (MBT LAW),16,334,23 April,UkrainianConflict
ua3jde,"""Our task is to make it appear as if Ukraine simply does not exist."" References to Kiyv and Ukraine are being removed from the textbooks of Russia's main publishing house",36,338,23 April,UkrainianConflict
ua5d8z,Russia must be designated a state sponsor of terrorism - Minister of Foreign Affairs Dmytro Kuleba on the shelling of Odesa.,3,324,23 April,UkrainianConflict
uabob5,"Ukraine Army destroys enemy command operations center, eliminates two Russian generals",25,316,23 April,UkrainianConflict
uahsj7,"Russia is trying to take mediocre platoons & pit them at really good squads & finding themselves outmaneuvered by a smaller but far more agile & task organized force. When Russia can actually fix Ukraine in force on force fights, Russia wins. So Ukraine simply refuses that fight.",56,324,23 April,UkrainianConflict
uaevrx,"Yesterday, April 23, Russia killed Valeriia Hlodan from Odesa and her three-month-old daughter Kira. Freaks who call themselves orthodox christians kill women and children few hours before Easter.",15,301,23 April,UkrainianConflict
uadlag,"The Ukrainian Ministry of Defense is reporting that Russian Forces are preparing for a Large-Scale Assault in the next 24 hours, involving Armor and Air Assets, on the City of Severodonetsk in the Eastern part of the Country, Ukrainian Forces are being reinforced accordingly.",28,295,23 April,UkrainianConflict
ua9u4q,Foreign Affairs Committee Chairs ofüáµüá±üá±üáπüá±üáªüá™üá™üá∫üá¶are calling to provide all necessary heavy weapons to Ukraine in a joint statement: üîπRussia can be stopped only by military defeat üîπRestoration of Ukraine‚Äôs internationally recognized borders is the only way to prevent nextüá∑üá∫attacks,4,287,23 April,UkrainianConflict
ua4u9v,Russian State TV Host Shows Plan on How Russian Forces Can Seize The Baltic States From Europe,219,283,23 April,UkrainianConflict
uaf018,Zelenskyy: The word ‚ÄúRuscism‚Äù will enter history textbooks all over the world,17,285,23 April,UkrainianConflict
uad9bk,President: Ukraine will start to retake occupied territories as soon as we receive enough weapons,14,279,23 April,UkrainianConflict
uakbny,"Ukrainian Valeria, her baby daughter Kira was just three months old, and Valeria's mother were killed when a Russian missile hit their residential building in the port city of Odessa, southwest Ukraine, April 23rd, 2022. They were among eight Ukrainians killed by Russian strikes on that city.",16,302,24 April,UkrainianConflict
uadsre,More than 20 countries have agreed to take part in the US-hosted discussion of Ukraine's defense needs in Rammstein next week - the Pentagon,22,262,23 April,UkrainianConflict
uafja3,"April 23, 2022: UA Air Force destroyed 3 Russian planes (preliminarily Su-34, Su-35, Su-25), 5 cruise missiles, and 9 UAVs",18,254,23 April,UkrainianConflict
uaa7zq,"President Zelensky says Ukraine will suspend negotiations with Russia if a ""referendum"" on the creation of a separatist republic in Kherson is held",7,242,23 April,UkrainianConflict
ua7jor,"Discussion: Train derailment as warfare. It doesn't seem hard to cast something like this device and smuggle it around Russia or Crimea. Paint them black and have at it. Crimea is a vital rail shipping path for Russia and it is very thin, very long, difficult to defend, and has many overpasses.",65,240,23 April,UkrainianConflict
ua9v3m,"Orcs disguised mines in children's toys, books. The occupiers were well aware that the child would pick up the toy at the first place when back at home.",15,242,23 April,UkrainianConflict
uamvug,Russian offensive near Oleksandrivka failed. Ukraine liberated 8 settlements in Kherson Oblast. Russian equipment staging area hit near Posad.,13,318,24 April,UkrainianConflict
ua99si,"Two Mariupol girl actresses killed. They had both played Lucy, a character in The Lion, the Witch and the Wardrobe in The Chronicles of Narnia.",3,238,23 April,UkrainianConflict
uajxnj,"Poland has provided Ukraine with weapons worth around 7 billion PLN - announced Prime Minister @MorawieckiM during the conference for the initiative #StopRussiaNOW. This is over 1.6 billion dollars to defend Ukrainian, Polish and European sovereignty!",23,263,24 April,UkrainianConflict
uaf8e5,"#Russia wants to organize a parade of #Ukrainian prisoners on May 9, ‚Äî Adviser to the Head of the President's Office of #Ukraine, Oleksii Arestovych. ¬´This is a severe violation of the Geneva Conventions and all the rules of war!¬ª ‚Äì he says.",66,252,23 April,UkrainianConflict
ua3i7w,"UK: Stormer Anti-Aircraft Missile Trucks Head to Ukraine, Reports Say",2,235,23 April,UkrainianConflict
uae0n0,Russian general says Moscow aim is to leave Ukraine as a landlocked country,39,241,23 April,UkrainianConflict
uagt6d,"In Tula, a young mother tore the letters Z off the window of a kindergarten. She was fined 48,000 rubles for discrediting the actions of the RF Armed Forces.",24,222,23 April,UkrainianConflict
ua7j1c,"On April 22nd, Ukrainian defenders destroyed a forward command post of Russia's 49th Combined Arms Army in temporarily-occupied Kherson region. Stupidly, the invaders located the post close to the battlefront. Two Russian generals were killed. Another was seriously wounded.",12,199,23 April,UkrainianConflict
uaeadp,"Pundit argues on Russian state TV that the exits at Azovstal should be sealed off with concrete. Host prefers the idea of capturing Ukrainians and showing them at public markets, allowing anyone to do ""whatever they want"" to them",55,202,23 April,UkrainianConflict
uabfnm,Zelenskiy‚Äôs economic guru: ‚ÄòGermany can survive without Russian oil: I wouldn‚Äôt want my country facing the shame‚Äô | The Guardian,43,198,23 April,UkrainianConflict
uai5a5,"Now That An F-15 Sale Is On The Cards, Will Egypt Give Ukraine Its MiG-29s?",36,205,23 April,UkrainianConflict
ua1eht,A gift from the Armed Forces of Ukraine has arrived at the Kadyrov pig base. TikTok soldiers are running away.,18,196,23 April,UkrainianConflict
ualf81,Countries buying Russian oil ‚Äòcomplicit in war crimes‚Äô says Ukraine adviser | Ukraine,22,220,24 April,UkrainianConflict
uajvu7,Russia‚Äôs Tchaikovsky Competition expelled from the World Federation of International Music Competitions,12,217,24 April,UkrainianConflict
ua2np4,"Mayor of Mariupol: Another large grave has been found, the worst genocide since the Holocaust - Russia Vs World",18,189,23 April,UkrainianConflict
uan4vi,Ukraine regains control of eight settlements in Kherson region,8,238,24 April,UkrainianConflict
uajald,A kind of Russian war analytics. Far-right former colonel Kvachkov explains to international war criminal Igor Girkin what he believes is the main problem of Russian army - too many jews,48,195,24 April,UkrainianConflict
ua77jg,Amazon has donated over $35 million to help Ukrainian refugees.,40,173,23 April,UkrainianConflict
uaito0,Southern Axis Update: #Russian forces paused ground offensive operations in northern #Kherson Oblast. The Ukrainian Resistance Center reported that an organized resistance movement has killed 100 Russian occupation personnel since the start of the war. [crosspost from /r/openrussia],14,189,24 April,UkrainianConflict
ua6gcx,Russia says British SAS 'sabotage specialists' in Ukraine,85,166,23 April,UkrainianConflict
uaeulp,UK warns Russia not to enlist civilians in military,39,169,23 April,UkrainianConflict
ua1myl,National Guard of Ukraine has a new fighter with the call sign MAX. This is a Belgian shepherd dog that was adopted by Ukrainian soldiers in the Mykolaiv region. Previously its owners were Russian soldiers - the Putin's invaders abandoned it when they were retreating.,9,167,23 April,UkrainianConflict
ua5g4j,"Sending tanks to Poland 'not a crazy idea', says UK general",12,170,23 April,UkrainianConflict
uahyps,"Mother, daughter and granny. All three killed today in Odesa. Happy Easter, Mr.putin. The Heaven will never accept you.",5,175,23 April,UkrainianConflict
uai1oh,A Sleeping Russian Soldier is Found by Ukrainians Thanks to His Loud Snoring / Location Unknown,28,172,23 April,UkrainianConflict
ua68yy,UK gave sanctioned Russians ‚Äògolden visas‚Äô after first Ukraine invasion | The super-rich | The Guardian,13,166,23 April,UkrainianConflict
ua3gkb,Kharkiv region: Defenders knocked the Russian occupiers out of 3 settlements,5,161,23 April,UkrainianConflict
uaf4u9,Turkey bars Russian planes heading for Syria,4,161,23 April,UkrainianConflict
ua79f5,Ukrainians allowed to exchange driving licence for an Irish one The move was welcomed by Ukraine‚Äôs ambassador to Ireland.,7,158,23 April,UkrainianConflict
uakehz,"Scranton, PA pivotal to US support of Ukraine",32,165,24 April,UkrainianConflict
uaj4af,A Russian Armored Column Operating in the Kherson Region Has Been Destroyed by Ukrainian Forces,15,158,24 April,UkrainianConflict
uaeyx9,Russia threatens chemical attack on Odesa but is already blaming Ukraine,10,153,23 April,UkrainianConflict
uaauvi,HUMILIATION - CHECHEN SOLDIERS ARE KILLING RUSSIAN TROOPS WHO NO LONGER WANTED TO FIGHT || 2022,26,147,23 April,UkrainianConflict
uahvsy,"Ukraine will ask US for more heavy weapons to defeat Russia, Zelenskiy says",16,148,23 April,UkrainianConflict
uagwv3,"Russians are preparing to shell Ukrainian towns this night & tomorrow as Orthodox Christians will celebrate Easter. A Russian soldier tells his woman that they are painting ""Christ is risen"" on the missiles. She laughs ‚Äì SBU intercepts",18,148,23 April,UkrainianConflict
ua2rz5,Canada delivers M777 howitzers to Ukraine,21,139,23 April,UkrainianConflict
ua6ohv,At least 5 dead and 18 wounded in the attack on Odesa. A 3-month-old is among those killed. Ukraine is preparing to celebrate a very dangerous Easter,5,140,23 April,UkrainianConflict
ua8xh8,Russian Families Illegally Adopt Ukrainian Children Forcibly Deported from Occupied Districts ‚Äì Denisova,13,129,23 April,UkrainianConflict
ua642h,"Russian breakthrough in Donbas highly unlikely without air dominance ‚Äî Phillips P. OBrien, Professor of Strategic Studies",14,129,23 April,UkrainianConflict
uairid,"One of Russia's largest textbook printers, Prosveshcheniye, has ordered editors to minimize or remove references to Ukraine and Kyiv from schoolbooks on history, literature and geography: ""The task before us is to make it look like Ukraine simply does not exist."" [crosspost from /r/openrussia]",16,140,24 April,UkrainianConflict
uac5mv,German FM Baerbock calls for stronger NATO strategy in Baltics,55,130,23 April,UkrainianConflict
uaeepp,"UK: Former ministers have broken ranks to describe how successive prime ministers, including Boris Johnson, withheld arms from Ukraine until just weeks before February‚Äôs invasion because of fears they might provoke Vladimir Putin",23,131,23 April,UkrainianConflict
ual9ss,"Putin has ignited a new anti-colonial struggle. This time, Moscow is the target | Nick Cohen",3,141,24 April,UkrainianConflict
uaj230,"As Ukrainian students arrive in Canada, experts urge schools to be welcoming, culturally informed",3,132,24 April,UkrainianConflict
ua7jy5,"‚ÄúMeanwhile on Russian state TV: hosts and panelists giggling uncontrollably, while discussing nuclear strikes against the continental territory of the United States.",66,122,23 April,UkrainianConflict
uaat2d,"Ukraine president threatens to quit talks if Russia holds ""pseudo-referendums"" in occupied areas",10,123,23 April,UkrainianConflict
uag9dc,"Jana ƒåernochov√° (Czech Minister of Defence): ""... if we have the opportunity to get helicopters of American origin in a shorter time, we will decide where to go with the Mi-24. "" Journalist: ""One place occurs to me - what about Ukraine?"" JC: ""I won't even suggest. But I'm smiling.""",32,126,23 April,UkrainianConflict
ua5j3u,Children of Mariupol who are hiding from Russian bombing. They dream of returning home from the basement of the Azovstal plant. But their city of Mariupol has been completely destroyed by Russian War Criminals.,7,120,23 April,UkrainianConflict
uab6of,Vladimir Putin has signaled his tacit approval for further Russian war crimes in Ukraine by publicly honoring one of the military units most closely linked to atrocities against Ukrainian civilians,4,125,23 April,UkrainianConflict
ua9uz6,Back in the USSR: Lenin statues and Soviet flags reappear in Russian-controlled cities,19,122,23 April,UkrainianConflict
ua3spn,‚ÄúSkhid‚Äù Task Force killed up to 130 invaders and an aggressors‚Äô warehouse holding ammunition,10,120,23 April,UkrainianConflict
ua2bvp,Ukrainian counterattacks slowing Russian offensive in east | AP News,9,119,23 April,UkrainianConflict
uahgzb,Arming Ukraine Is the Path to Peace,9,126,23 April,UkrainianConflict
ua5ng4,Ukrainian counterattacks slowing Russian offensive in east,20,118,23 April,UkrainianConflict
uam8dz,Russia says it destroyed Odesa terminal where foreign weapons were stored,47,134,24 April,UkrainianConflict
ua3lum,"How the Ukrainian Azov"" regiment helps civilians fleeing Russian shelling in the basements of Azovstal in Mariupol. These children do not yet understand that they are being hunted by murderers & rapists of the Russian Army.",4,113,23 April,UkrainianConflict
ua1csa,Former Putin advisor Glaziev promotes a Nazi conspiracy theory: Zelensky sends Ukrainians to die fighting Russia in order to ethnically cleanse the land and repopulate it with Jews,47,113,23 April,UkrainianConflict
ualtzm,Russians have started to blue the faces of their servicemen on their media,23,125,24 April,UkrainianConflict
uaa7wp,"ISTANBUL, April 23 (Reuters) - Turkish air space has been closed to military and civilian planes carrying troops from Russia to Syria after consultation with Moscow, Turkey's state broadcaster TRT Haber cited Foreign Minister Mevlut Cavusoglu as saying on Saturday.",11,112,23 April,UkrainianConflict
uaeff1,Zelensky satisfied with UK military aid,6,109,23 April,UkrainianConflict
ua260w,Ukraine's President Zelensky rejects Russia's claims to have captured Mariupol - BBC News,2,108,23 April,UkrainianConflict
uakdwc,"A Russian Orlan-10 reconnaissance drone was captured by Ukrainian Army forces on the Eastern Front, on April 23rd, 2022. Mostly intact as it either ran out of fuel or had another malfunction, one of many such drones downed by Ukrainian forces in the east.",15,113,24 April,UkrainianConflict
uac6sd,‚ÄúI want countries in Asia to change their treatment of Ukraine‚Äù - Zelenskyy,5,105,23 April,UkrainianConflict
uac4ta,Ukraine will exit negotiations if Mariupol residents are killed or Russia conducts ‚Äúreferendums‚Äù in occupied territories,0,109,23 April,UkrainianConflict
uafs9x,"‚ö°Ô∏è Command of the Air of the Armed Forces of Ukrainereports that by the end of the day on April 23, 17 air targets were hit: 3 aircraft (preliminarily Su-34, Su-35, Su-25), 5 cruise missiles, 9 OTR UAVs (presumably Orlan-10).",16,104,23 April,UkrainianConflict
uadrl8,Two more Russian generals killed in Ukraine,6,102,23 April,UkrainianConflict
uam797,"Ukrainian forces continue to regenerate captured Russian vehicles, pictured here, a Tigr IMV",9,112,24 April,UkrainianConflict
uahytm,Two Russian oligarchs and their families found dead within 24 hours,19,102,23 April,UkrainianConflict
ua5tda,Sailors' families seek answers about Russian ship sinking,22,96,23 April,UkrainianConflict
uaib6o,A Look Inside the Sprawling Underground Tunnels of the Azovstal Iron & Steel Factory,20,97,24 April,UkrainianConflict
uafa4e,"""Just give us these weapons, we'll put them to effective use"". Interview of German magazine Spiegel with presidential adviser Oleksiy Arestovich",7,100,23 April,UkrainianConflict
ua1pe6,Kyiv Awaits NATO Summit Invite As Wider Security Concerns Mount,5,94,23 April,UkrainianConflict
uaccd4,"In Mariupol, Putin now rules a wasteland pitted with mass graves | The Guardian",11,97,23 April,UkrainianConflict
ua5t6t,Extended version from the Russian helicopter shooting down 2 days ago reportedly in the direction of Malynivka village. Video shows the helicopter spending approximately 1 & half min launching flares before being downed the moment it stopped launching them.,18,92,23 April,UkrainianConflict
ua1awv,Russia ‚Äòsentences‚Äô Crimean Tatar leader Mustafa Dzhemilev for seeking to enter his native Crimea,5,94,23 April,UkrainianConflict
ua9fyv,"Oryx on Twitter: ""Newly added Russian Army equipment losses: 1x Buk-M1-2 (destroyed by TB2) 2x T-80U (destroyed) 1x T-72B3 (destroyed) 1x T-72B3M (destroyed) 1x R-149MA1 command vehicle (destroyed) 1x 120mm 2S9 Nona SPG (destroyed) 2x MT-LB (destroyed) Full list: https://t.co/QR37xcY8mq"" / Twitter",3,96,23 April,UkrainianConflict
ua6mvl,Kharkiv regional police had updated that 2 more civilian bodies that were found murdered then burned by the #Putin regime terrorists were found in Husarivka with signs of torture and both were shot ‚Äúexecution style‚Äù with a single shot to the head.,0,89,23 April,UkrainianConflict
ua45nn,Extended version from the Russian helicopter shooting down 2 days ago reportedly in the direction of Malynivka village. Video shows the helicopter spending approximately 1 & half min launching flares before being downed the moment it stopped launching them.,28,92,23 April,UkrainianConflict
uadum1,"""Yet more equipment from #Russia, captured by the armed forces of #Ukraine"" - so many triggered Russians in the comments on this video lmao",10,92,23 April,UkrainianConflict
uaftto,"UK to send more military equipment, Johnson tells Zelensky",3,94,23 April,UkrainianConflict
ua5607,"A veteran pro-Kremlin commentator says Russia's goal in Ukraine is ""the gradual dismantling and phased reformatting of this territory""",16,90,23 April,UkrainianConflict
ua1k0a,"""Confessions of a General"" - An interview with Lev Rokhlin 1998 This is an interesting interview about the Chechnya war in 93 and it reveals a lot of similarities with how the Russians are fighting today. Lev was assassinated months after this interview",13,91,23 April,UkrainianConflict
uaecg5,"Peace talks over if Mariupol defenders killed, says Zelensky",4,90,23 April,UkrainianConflict
ua0mge,"After Wimbledon, now Russian and Belarusian players may face Italian Open ban; Ukrainian ace Dolgopolov lauds move",13,83,23 April,UkrainianConflict
uacuqi,"Now that Ukraine may get PzH from Netherland, get Germany to deliver these beauties. Looks to be the perfect counter to Russia mass of equipment.",11,90,23 April,UkrainianConflict
uam0p4,Russia threatens chemical attack on Odesa but is already blaming Ukraine - Russia Vs World,6,94,24 April,UkrainianConflict
ua48mw,Russia to deploy Sarmat missile by autumn - I edited the title because we all know the plural is a complete lie. They have no industry to build them and not means of supply.,9,79,23 April,UkrainianConflict
uaefsy,Russian Invaders Forcibly Recruit Ukrainian Medics at Gunpoint,13,81,23 April,UkrainianConflict
uaa77b,"(Reuters) - Russia resumed its assault on the last Ukrainian defenders holed up in a giant steel works in Mariupol, a Ukrainian official said on Saturday, days after Moscow declared victory in the southern port city and said its forces did not need to take the plant.",11,85,23 April,UkrainianConflict
uae1b4,"Kharkiv, Viktor Hubariev, 79, killed by Russian bomb. He went out to buy bread and bring it back home to his daughter Iana. His daughter still has that bread with her father's blood on it. ""It is a part of my father"", she says.",2,79,23 April,UkrainianConflict